id,age,gender,income,spending_score,membership_years,purchase_frequency,preferred_category,last_purchase_amount,Cluster
1,38,0,99342,90,3,24,2,113.53,3
2,21,0,78852,60,2,42,4,41.93,3
3,60,0,126573,30,2,28,0,424.36,1
4,40,2,47099,74,9,5,3,991.93,0
5,65,0,140621,21,3,25,1,347.08,1
6,31,2,57305,24,3,30,3,86.85,1
7,19,2,54319,68,5,43,0,191.72,3
8,43,1,108115,94,9,27,2,734.56,2
9,53,1,34424,29,6,7,4,951.71,0
10,55,0,45839,55,7,2,1,821.18,0
11,23,2,69659,16,7,24,0,434.97,1
12,68,2,30058,91,1,49,2,889.94,0
13,29,0,87461,81,3,27,3,101.07,3
14,64,2,33018,46,4,3,4,221.35,3
15,33,1,112260,17,5,8,3,915.89,0
16,53,1,129284,17,6,26,0,225.4,1
17,57,1,102535,29,5,13,0,378.47,1
18,22,1,41849,22,1,31,4,844.08,0
19,37,1,95491,90,6,21,3,454.83,3
20,31,1,97103,70,3,17,2,61.3,1
21,19,0,82519,13,4,4,3,742.39,0
22,22,1,49077,74,10,47,3,799.31,2
23,36,2,85473,68,1,16,4,806.55,0
24,41,2,81758,87,7,9,0,482.2,3
25,69,0,36140,78,5,39,4,508.86,3
26,33,2,141757,60,10,39,2,83.27,1
27,54,1,35394,10,9,4,2,124.29,3
28,30,0,50680,19,7,27,4,515.88,0
29,18,0,70721,78,7,1,3,191.9,3
30,23,1,104106,30,4,20,1,950.56,0
31,36,2,76756,16,8,27,0,970.06,0
32,60,0,45733,69,2,18,1,197.29,3
33,29,1,71951,2,6,47,1,91.94,1
34,44,2,86593,89,4,37,2,76.95,3
35,45,2,43138,54,10,48,4,639.22,3
36,30,0,73464,37,1,6,0,532.51,0
37,47,1,108074,78,4,38,1,128.2,1
38,48,2,81794,89,7,50,1,967.99,2
39,31,0,75392,43,4,29,4,88.44,1
40,22,1,107057,14,5,41,3,98.86,1
41,23,1,70723,31,1,48,3,713.33,0
42,52,1,115529,70,2,34,0,192.66,1
43,35,1,72179,6,6,45,3,165.18,1
44,28,2,62405,79,5,50,3,956.73,2
45,50,1,42404,45,4,31,3,753.6,0
46,49,2,94531,28,5,42,0,214.93,1
47,56,1,129005,40,6,8,1,355.34,1
48,48,1,76317,94,9,3,1,189.28,3
49,19,2,85309,65,5,10,4,28.55,3
50,68,0,146519,96,2,18,2,673.79,2
51,61,0,61290,83,9,35,0,110.32,3
52,24,0,96082,83,4,36,4,589.35,2
53,45,2,134241,73,9,16,2,893.44,2
54,33,0,45136,84,9,38,3,332.34,3
55,56,0,85476,55,2,41,4,774.5,0
56,42,2,73466,50,4,13,4,903.07,0
57,63,2,49607,7,9,20,1,195.34,1
58,49,0,112198,48,5,24,4,843.87,2
59,43,0,81595,12,7,1,1,806.26,0
60,21,0,139387,1,5,7,0,399.58,1
61,23,1,69133,14,6,7,2,224.86,1
62,30,2,89149,87,10,36,0,174.41,3
63,49,0,79992,49,8,6,4,636.65,0
64,50,0,85111,31,1,19,1,319.05,1
65,27,2,90557,36,2,2,4,494.55,1
66,32,1,100270,69,3,29,3,686.05,2
67,36,0,127346,75,5,7,1,335.98,1
68,43,0,87807,52,9,41,0,95.08,1
69,32,1,135861,88,5,16,1,103.33,1
70,49,2,40936,32,9,49,4,495.62,0
71,23,0,66376,60,1,18,1,77.73,3
72,58,2,56120,30,3,50,2,880.23,0
73,31,0,112452,21,1,5,2,552.21,1
74,38,0,102944,63,8,9,3,92.69,1
75,58,2,143037,56,8,42,2,57.57,1
76,60,0,131101,68,8,28,3,522.95,2
77,49,1,30708,4,1,36,2,990.0,0
78,32,2,44048,20,7,10,0,41.55,3
79,30,2,95501,27,3,14,2,476.25,1
80,68,2,45092,54,4,40,1,738.6,0
81,65,2,117157,90,9,39,1,812.36,2
82,36,0,148542,60,1,17,2,15.66,1
83,36,0,99427,94,8,15,4,265.04,3
84,56,1,58971,77,9,35,1,13.16,3
85,19,1,101100,43,3,14,0,392.36,1
86,31,2,61849,24,6,31,3,120.8,1
87,59,1,47990,3,10,48,3,755.92,0
88,31,1,55100,20,7,31,4,59.84,1
89,18,2,105470,8,7,4,0,746.18,0
90,45,2,63381,80,4,8,3,754.24,3
91,32,2,92089,16,1,47,3,209.86,1
92,39,2,104031,67,6,28,3,930.36,2
93,65,1,62792,83,8,11,1,230.58,3
94,46,2,113116,7,10,13,0,190.55,1
95,30,2,75926,97,10,19,4,670.87,3
96,23,1,108480,46,10,21,0,377.31,1
97,63,2,102834,31,7,20,1,582.57,0
98,49,1,46695,99,9,26,0,674.7,3
99,21,2,105024,45,3,32,4,795.84,2
100,26,0,59496,58,2,50,0,23.33,3
101,40,0,115569,1,2,5,2,241.91,1
102,18,1,49346,70,7,38,2,127.14,3
103,19,1,75430,50,7,32,0,532.51,3
104,60,0,142407,4,2,1,4,29.58,1
105,20,2,34982,7,2,45,0,597.15,0
106,55,0,147187,37,7,27,1,941.67,2
107,19,2,37993,59,6,30,4,873.8,0
108,65,1,81753,72,9,21,3,633.63,2
109,57,0,81695,90,8,44,1,179.8,3
110,56,0,40676,86,7,38,3,627.65,3
111,37,1,111242,33,5,34,4,756.32,2
112,64,1,87006,85,7,20,0,930.73,2
113,58,1,82856,33,7,20,2,450.72,0
114,32,1,35514,4,5,36,4,415.44,0
115,64,1,87595,11,5,21,1,69.78,1
116,59,1,125014,89,7,42,3,451.82,2
117,62,1,128322,44,4,31,1,668.91,2
118,62,1,48693,36,9,44,3,755.67,0
119,33,1,113154,75,8,46,2,895.58,2
120,68,0,78309,12,2,49,0,848.14,0
121,47,0,112072,50,5,21,2,884.19,2
122,43,1,42855,66,6,23,1,138.51,3
123,26,2,55515,29,9,37,4,50.57,3
124,30,1,51454,94,8,17,3,553.35,3
125,66,2,69362,58,1,23,0,960.08,0
126,26,0,69795,60,9,29,1,389.37,3
127,58,1,32860,90,5,18,4,405.05,3
128,40,2,81037,70,10,45,1,370.75,3
129,67,2,40385,64,1,17,4,957.06,0
130,61,0,131607,25,7,26,0,714.15,2
131,51,1,42337,70,9,28,4,914.97,0
132,67,0,116124,78,10,28,3,11.29,1
133,25,2,94016,85,8,49,2,764.28,2
134,26,1,62131,91,6,18,4,70.56,3
135,29,0,100290,85,8,29,0,480.87,2
136,31,1,145261,25,10,37,4,378.4,1
137,48,1,81763,49,6,46,4,179.25,1
138,67,0,120561,66,2,21,0,798.2,2
139,18,0,99638,33,8,23,2,316.27,1
140,18,0,78097,84,3,26,0,453.34,3
141,23,2,67237,85,9,40,1,673.02,3
142,37,1,61695,13,5,45,3,18.49,1
143,55,2,101084,73,9,24,2,624.81,2
144,41,0,82613,49,3,10,3,421.24,1
145,44,2,122987,29,10,25,1,898.68,2
146,58,2,90389,17,5,12,1,855.21,0
147,69,1,90929,2,10,29,1,518.7,0
148,47,0,104517,91,2,6,3,979.41,2
149,34,2,79949,89,3,19,2,273.34,3
150,54,1,100745,29,6,42,0,335.15,1
151,55,2,138064,86,5,22,1,368.75,2
152,45,0,79721,20,1,1,3,215.41,1
153,43,1,33030,61,8,40,2,711.04,3
154,30,2,78653,43,4,2,1,933.73,0
155,53,2,146312,58,2,32,1,880.78,2
156,24,0,103766,77,4,25,3,663.21,2
157,69,0,51990,59,2,37,0,762.41,0
158,61,2,46738,36,3,26,2,393.6,0
159,58,2,107818,70,5,24,3,722.18,2
160,36,2,83511,28,5,49,3,367.97,1
161,69,0,117782,18,1,15,4,762.55,0
162,64,2,122472,75,1,17,4,771.33,2
163,45,1,76259,72,5,41,4,228.88,3
164,60,2,98771,37,8,42,4,520.37,2
165,64,2,96494,10,4,47,3,184.45,1
166,41,0,48155,19,10,36,2,566.65,0
167,18,2,46707,61,10,16,0,18.6,3
168,36,2,87275,82,9,2,0,14.52,3
169,51,0,58930,95,5,33,4,115.09,3
170,37,1,33987,60,8,39,2,975.1,0
171,21,1,140801,13,3,43,3,82.88,1
172,19,1,98446,25,4,34,2,696.59,0
173,56,0,111754,96,8,38,3,631.06,2
174,47,2,66932,89,5,9,3,861.66,3
175,33,0,81766,86,1,16,4,160.11,3
176,34,1,79572,62,2,24,4,843.15,0
177,65,2,123680,30,2,35,1,218.74,1
178,67,0,130300,75,5,27,1,94.32,1
179,45,0,102050,57,8,39,2,263.93,1
180,48,1,121325,30,3,35,3,624.36,1
181,49,1,76202,83,3,6,2,208.79,3
182,40,1,136323,36,6,25,1,625.28,2
183,43,0,32512,95,4,49,3,223.39,3
184,27,1,63313,8,10,42,2,35.01,1
185,41,0,104337,91,6,27,3,401.63,3
186,40,2,124138,84,10,41,2,426.62,2
187,35,1,137307,32,6,24,1,111.27,1
188,55,1,77060,14,2,16,4,286.79,1
189,45,1,108335,62,1,35,1,940.93,2
190,41,2,59408,68,1,16,1,504.16,3
191,35,1,100208,80,2,27,1,23.73,1
192,63,2,109506,48,10,50,1,26.85,1
193,69,0,39509,10,6,27,2,377.66,0
194,69,1,74519,95,10,42,0,931.51,2
195,67,2,31806,79,8,13,1,261.07,3
196,48,1,108550,5,6,35,3,410.05,1
197,34,0,56125,66,10,26,3,610.66,3
198,39,1,116566,76,9,21,2,32.38,1
199,45,0,82014,30,10,15,2,81.91,1
200,63,0,113240,47,9,22,0,279.96,1
201,45,1,111788,28,9,49,2,628.43,2
202,25,1,30570,16,8,44,4,971.09,0
203,66,2,106631,41,6,9,3,354.46,1
204,49,1,100258,53,6,27,3,436.43,1
205,27,1,132541,78,8,42,1,825.01,2
206,34,1,97962,18,3,19,1,947.73,0
207,58,1,48714,75,10,40,4,324.91,3
208,59,0,70050,62,3,10,0,49.53,3
209,60,0,124416,24,5,39,3,544.04,1
210,47,2,93783,24,10,3,1,406.56,1
211,40,0,83445,89,7,11,0,356.35,3
212,18,2,54421,20,1,41,3,215.95,1
213,47,0,121498,29,9,28,4,706.37,2
214,33,1,84883,43,2,49,3,956.03,0
215,69,2,127086,93,4,45,1,339.9,2
216,26,2,133538,27,5,46,1,761.08,2
217,46,0,82034,19,2,45,4,635.93,0
218,55,0,147024,24,9,16,1,169.79,1
219,57,1,33009,82,9,24,0,563.64,3
220,69,1,142216,90,7,29,1,559.73,2
221,62,1,82623,51,8,37,0,155.14,3
222,67,2,64134,3,2,26,0,868.18,0
223,53,0,146546,12,6,45,4,915.02,2
224,51,0,33665,12,2,2,2,139.07,0
225,54,0,92156,18,7,14,1,238.87,1
226,19,0,51355,48,8,28,3,278.21,3
227,65,1,89274,71,10,34,1,840.45,2
228,53,1,57651,27,7,16,3,345.62,0
229,19,2,52470,90,5,35,2,515.99,3
230,56,1,31154,40,4,25,1,197.54,3
231,24,0,147572,44,7,45,1,204.27,1
232,66,1,144573,41,7,24,2,66.6,1
233,41,0,88312,22,6,31,2,212.53,1
234,29,0,96066,45,7,24,4,479.36,1
235,19,0,41542,21,1,22,2,132.88,1
236,42,2,66495,79,9,31,4,537.66,3
237,62,2,52480,22,3,14,1,821.42,0
238,64,2,148368,19,4,23,2,949.32,2
239,64,0,124599,41,9,41,2,924.18,2
240,44,0,121975,33,6,27,2,640.96,2
241,41,0,41748,50,8,5,4,35.16,3
242,31,0,125501,74,3,18,1,947.76,2
243,25,2,109583,6,4,30,1,923.64,0
244,47,0,108356,84,6,19,3,911.0,2
245,28,2,134414,19,5,15,3,922.01,0
246,44,1,83880,31,6,32,1,464.42,1
247,54,2,48896,28,9,25,4,244.79,3
248,28,2,48383,57,8,35,4,17.97,3
249,54,0,134743,98,9,42,4,894.21,2
250,47,1,91491,52,5,10,3,21.43,1
251,43,1,89688,27,10,30,1,223.64,1
252,25,2,105185,70,2,37,2,556.23,2
253,49,2,129014,25,7,21,2,271.52,1
254,66,2,112847,98,9,44,3,827.44,2
255,27,2,139589,69,8,22,0,150.58,1
256,46,2,38785,55,9,22,0,486.25,3
257,26,1,134203,19,3,28,4,935.64,0
258,37,2,86856,74,3,10,1,624.29,3
259,68,1,49725,59,2,35,2,12.36,3
260,39,0,56381,82,6,19,4,759.6,3
261,39,2,117432,96,7,41,4,25.44,3
262,60,2,45827,18,2,47,1,599.66,0
263,64,2,115366,68,9,28,1,934.88,2
264,57,0,31451,75,3,8,1,611.79,3
265,63,1,142287,77,10,44,0,785.29,2
266,53,2,84616,68,10,8,3,543.31,3
267,57,0,114972,42,9,12,3,999.74,2
268,23,2,101024,29,3,41,2,484.85,1
269,33,0,118116,100,9,48,4,21.9,3
270,28,0,49020,75,9,49,1,109.03,3
271,69,1,47458,14,2,10,2,874.32,0
272,52,0,104033,6,5,15,0,192.31,1
273,47,2,84117,74,9,17,3,886.08,2
274,60,2,107232,68,4,48,0,730.8,2
275,22,2,128623,88,5,20,0,609.57,2
276,39,0,39931,43,1,28,2,261.36,3
277,53,2,94392,38,5,11,0,997.24,0
278,63,1,48225,24,6,14,0,764.05,0
279,47,2,95656,63,2,30,1,634.19,2
280,53,0,61826,96,1,14,0,577.0,3
281,61,2,47689,46,4,42,3,802.44,0
282,34,1,68250,9,10,26,0,835.06,0
283,33,1,113187,27,9,46,1,886.3,2
284,43,1,77006,27,3,36,1,223.98,1
285,63,0,121652,20,1,26,4,169.58,1
286,51,1,124670,66,2,43,0,184.8,1
287,31,1,119460,69,2,22,0,486.21,1
288,56,1,117922,69,2,41,3,98.83,1
289,38,1,84577,70,7,27,4,631.28,2
290,43,1,64136,61,1,19,1,680.92,0
291,45,0,57845,32,6,41,0,934.34,0
292,62,2,38250,63,5,22,3,723.93,0
293,45,2,54819,72,3,47,4,553.44,3
294,47,2,89077,43,1,35,0,547.85,0
295,18,2,135713,79,7,18,1,871.12,2
296,56,2,129611,23,3,48,4,98.85,1
297,40,1,97995,47,4,9,4,101.35,1
298,39,1,132488,40,5,37,4,82.16,1
299,59,1,36383,5,6,31,2,82.77,1
300,55,2,144624,38,2,23,2,652.26,1
301,52,0,106147,2,6,19,2,412.65,1
302,50,2,130668,39,5,25,3,69.81,1
303,59,0,57745,33,7,42,1,492.87,0
304,50,0,78296,93,9,47,1,559.16,2
305,32,1,39407,50,6,13,4,844.22,0
306,48,1,39407,82,5,27,4,463.07,3
307,26,2,135530,81,2,12,3,126.35,1
308,54,0,76995,14,3,46,1,685.09,0
309,64,0,96182,44,4,8,2,509.31,0
310,50,1,100320,45,7,29,4,139.39,1
311,53,1,138922,45,5,22,1,154.06,1
312,30,1,143200,38,8,30,4,684.43,2
313,69,2,35218,47,4,33,1,315.49,3
314,44,1,141748,55,2,50,2,897.57,2
315,68,0,62971,27,8,17,1,85.45,1
316,20,0,57260,47,2,49,1,506.7,0
317,18,2,92363,84,1,10,1,539.74,3
318,23,2,84664,45,5,12,1,592.72,0
319,61,2,47790,67,9,5,3,714.29,3
320,34,1,31668,43,5,40,0,117.01,3
321,43,0,78858,4,3,38,4,261.19,1
322,46,2,126553,16,2,22,3,85.56,1
323,55,2,80006,44,2,49,0,727.51,0
324,30,1,119162,15,9,38,3,937.85,2
325,41,2,71410,69,1,32,3,456.67,3
326,59,2,49020,100,2,42,2,588.18,3
327,50,1,36022,11,6,49,0,801.59,0
328,41,0,64634,55,9,44,2,488.07,3
329,68,2,76921,79,1,23,2,122.02,3
330,28,1,51087,60,4,42,2,68.31,3
331,30,1,90651,88,9,37,2,555.41,2
332,38,2,50518,70,1,38,4,816.09,0
333,21,2,126598,14,3,1,4,505.98,1
334,58,2,99475,27,9,9,2,249.39,1
335,60,1,145308,83,3,31,2,53.26,1
336,40,2,107488,96,7,16,2,843.6,2
337,58,1,60768,88,2,38,2,67.52,3
338,42,2,115381,70,7,33,3,592.52,2
339,28,0,111697,92,9,50,4,205.58,2
340,48,2,30374,28,7,34,2,463.78,0
341,31,2,35406,45,10,9,1,637.02,3
342,69,0,71688,69,4,25,0,532.23,3
343,32,1,48445,91,8,27,3,265.17,3
344,41,1,136928,42,5,33,3,239.72,1
345,33,1,112118,27,10,9,0,535.28,1
346,62,0,114587,14,7,11,1,26.72,1
347,38,0,42378,36,5,20,4,279.77,3
348,39,0,136141,58,6,30,3,211.56,1
349,44,1,32030,38,2,19,4,912.15,0
350,56,0,148694,44,7,13,1,326.5,1
351,68,2,122661,16,4,48,2,85.44,1
352,47,0,54571,57,4,2,1,138.3,3
353,61,2,120516,100,10,47,3,475.52,2
354,63,2,37003,57,4,25,4,857.68,0
355,38,2,81837,68,5,6,4,349.35,3
356,32,2,94627,88,9,30,0,703.94,2
357,49,2,103191,34,5,41,0,253.63,1
358,57,1,137205,18,1,21,1,862.12,0
359,50,1,85888,19,2,25,2,910.52,0
360,38,1,40590,91,7,27,1,617.64,3
361,28,0,130938,98,5,37,1,612.09,2
362,21,1,107934,32,5,38,3,533.18,1
363,26,2,149741,51,4,37,3,685.36,2
364,63,2,145117,66,7,12,4,971.02,2
365,21,2,90000,42,4,23,3,278.15,1
366,19,2,105019,84,8,32,0,735.3,2
367,65,0,65576,91,5,12,0,782.55,3
368,53,0,130474,74,10,39,3,217.92,2
369,63,2,77411,20,2,37,4,648.38,0
370,23,0,30751,99,9,26,1,696.9,3
371,20,1,87520,93,4,3,2,459.87,3
372,39,0,53805,71,5,16,4,372.03,3
373,30,2,80320,91,1,31,1,930.97,2
374,64,2,84380,69,10,28,4,212.08,3
375,33,0,58367,11,4,29,2,826.87,0
376,25,0,56110,36,5,42,1,389.97,3
377,46,1,123037,100,1,9,3,617.74,2
378,45,0,110174,87,5,32,3,388.15,2
379,41,0,30074,95,8,19,0,78.82,3
380,59,2,140349,75,2,6,4,383.64,1
381,67,0,104036,56,10,37,4,998.98,2
382,68,2,93926,45,5,22,1,19.14,1
383,65,1,124796,4,5,38,4,247.96,1
384,46,1,120914,1,1,41,3,329.9,1
385,38,1,78829,73,7,20,4,665.25,3
386,69,1,105810,57,6,28,2,985.94,2
387,51,0,105658,49,9,9,1,785.55,2
388,25,0,100053,6,5,33,1,832.57,0
389,34,2,118622,99,4,47,4,122.21,3
390,37,1,65343,89,3,2,1,668.23,3
391,67,0,101759,57,3,19,4,670.51,0
392,28,1,59278,60,2,8,3,362.41,3
393,55,0,127542,79,8,12,0,632.6,2
394,69,0,74331,83,9,11,0,341.63,3
395,69,0,119075,40,8,44,3,866.72,2
396,54,2,87418,21,2,27,2,846.76,0
397,23,2,37713,11,8,31,1,481.24,0
398,48,1,36282,14,10,3,4,210.43,3
399,19,0,69790,3,9,38,2,596.63,0
400,41,0,147962,90,2,9,0,688.61,2
401,32,2,86268,96,3,21,1,643.36,3
402,63,1,149062,66,9,7,0,441.11,2
403,40,2,127948,29,6,26,2,144.78,1
404,36,1,30121,39,10,16,2,233.08,3
405,21,1,42889,12,2,20,3,789.92,0
406,29,2,141369,42,10,16,3,862.54,2
407,24,2,119844,78,4,6,2,572.31,2
408,40,2,135305,54,8,29,0,831.6,2
409,63,0,70967,59,6,10,3,954.05,0
410,20,0,98213,12,5,37,3,902.24,0
411,43,0,89856,96,3,2,0,114.47,3
412,61,2,80988,34,8,14,0,937.86,0
413,19,0,105731,9,7,10,3,421.08,1
414,69,0,117737,6,4,9,2,877.51,0
415,57,1,52164,53,3,36,2,710.84,0
416,38,2,51327,62,5,24,4,645.43,3
417,52,2,101105,11,9,2,3,714.72,0
418,51,0,97565,48,10,31,0,656.9,2
419,64,2,71594,40,4,42,0,487.73,0
420,46,1,60671,57,5,48,3,817.69,0
421,46,0,90871,56,4,39,0,592.97,2
422,56,2,36843,46,7,12,3,22.15,3
423,62,0,96260,30,6,45,1,159.13,1
424,56,1,134502,46,5,5,2,394.49,1
425,41,1,67039,100,1,36,1,178.68,3
426,40,2,142251,90,10,14,1,866.52,2
427,47,0,49336,11,10,11,4,877.17,0
428,54,2,90780,24,3,46,2,824.65,0
429,20,1,49308,29,6,19,1,351.64,3
430,64,2,124369,74,2,3,3,275.4,1
431,40,1,99618,80,4,22,2,15.04,3
432,29,0,133291,52,4,42,0,916.28,2
433,44,0,100832,90,8,39,1,769.0,2
434,57,1,60668,66,6,28,1,984.6,0
435,32,0,69782,76,1,9,3,803.28,0
436,52,2,136827,87,5,20,4,322.29,2
437,48,2,51565,44,5,20,2,552.48,0
438,47,0,95033,25,3,35,1,273.38,1
439,63,0,118402,74,3,12,4,828.04,2
440,23,0,130546,71,9,36,4,799.33,2
441,46,1,68970,50,9,46,0,392.35,3
442,26,0,84460,45,1,33,0,219.67,1
443,47,2,138199,79,10,43,1,171.38,2
444,62,2,59481,30,4,35,0,121.0,1
445,62,0,75974,68,4,46,2,180.09,3
446,53,1,56570,29,7,37,1,432.65,0
447,27,2,68689,83,8,33,2,782.58,2
448,31,0,46106,72,7,2,4,59.82,3
449,50,1,46524,1,4,7,3,371.62,0
450,48,1,60382,13,3,27,1,694.59,0
451,24,2,147555,65,4,28,2,434.84,1
452,45,0,93800,33,10,32,4,391.45,1
453,30,1,35565,83,8,17,1,238.79,3
454,27,1,143992,31,2,32,3,994.1,2
455,28,2,126571,82,10,8,1,26.12,1
456,61,2,57851,46,3,5,0,604.29,0
457,30,2,120083,47,1,49,1,443.12,1
458,62,1,32827,69,8,2,2,468.37,3
459,30,2,100399,96,2,5,0,705.64,3
460,55,0,105647,94,1,14,4,737.91,2
461,41,1,141605,100,4,20,3,693.02,2
462,57,0,46563,86,4,24,1,800.46,3
463,53,1,37569,18,8,50,0,634.92,0
464,65,0,138529,87,10,14,4,461.61,2
465,54,0,40858,48,6,20,0,34.88,3
466,69,2,143640,14,8,2,0,387.39,1
467,25,1,99668,1,1,50,2,937.86,0
468,54,1,32276,73,2,44,0,554.58,3
469,32,2,100736,84,10,32,2,863.93,2
470,53,2,139508,92,6,39,0,172.99,2
471,32,1,38683,59,10,47,2,846.85,2
472,35,2,42390,27,3,41,1,781.31,0
473,53,0,104435,42,4,34,3,795.81,2
474,54,0,111261,56,1,44,2,216.09,1
475,36,2,112674,12,7,35,2,590.32,1
476,38,1,144083,23,1,28,2,158.15,1
477,42,1,115342,19,4,47,4,13.69,1
478,48,2,143424,24,3,22,3,594.94,1
479,58,0,137836,19,9,21,1,172.39,1
480,19,0,35529,62,4,24,0,177.69,3
481,54,1,105641,17,9,37,4,173.81,1
482,65,2,120542,52,3,36,0,70.22,1
483,44,0,43069,55,6,33,2,501.34,3
484,40,1,61052,44,4,17,2,135.19,3
485,65,1,39113,85,9,42,3,964.87,2
486,66,2,91672,71,5,9,0,10.4,3
487,22,0,104781,64,8,38,3,151.48,1
488,47,2,124597,67,9,8,0,885.33,2
489,26,0,96845,19,1,5,3,154.89,1
490,19,0,113254,38,5,35,0,633.5,2
491,22,0,46900,70,1,24,2,325.46,3
492,39,1,84725,100,8,49,4,906.07,2
493,51,0,120616,71,1,16,0,542.03,1
494,35,1,141134,24,4,48,4,649.61,2
495,59,1,140809,45,5,45,4,917.5,2
496,33,0,65486,76,2,11,4,302.05,3
497,56,1,145254,48,6,43,4,422.32,2
498,54,0,43308,56,5,50,1,667.92,0
499,25,1,33065,61,7,40,2,317.98,3
500,47,1,69168,16,7,42,0,638.96,0
501,42,1,129999,73,5,2,0,942.97,2
502,61,0,41730,2,9,20,1,177.64,0
503,22,1,75626,52,7,34,1,154.67,3
504,18,2,142641,40,7,31,1,240.64,1
505,22,1,53863,96,10,41,1,491.64,3
506,66,1,149505,79,4,8,4,334.95,1
507,58,1,132215,91,8,6,4,275.71,2
508,48,2,72108,85,8,13,4,486.58,3
509,68,2,113760,64,2,37,4,462.62,2
510,19,1,111238,7,2,30,4,813.37,0
511,24,2,109039,71,9,41,4,606.18,2
512,33,1,132968,49,10,45,4,641.53,2
513,19,1,82506,10,5,41,4,406.32,1
514,69,0,58668,40,2,15,3,626.35,0
515,28,1,66961,8,10,22,2,179.82,1
516,32,2,137280,95,6,3,1,31.72,1
517,18,2,112021,9,3,11,2,588.37,1
518,45,0,110280,85,4,21,2,944.07,2
519,45,0,67753,64,4,48,4,926.69,2
520,38,1,54918,1,6,6,1,979.26,0
521,69,2,78534,100,2,9,3,75.03,3
522,29,0,51471,96,3,13,3,668.21,3
523,32,0,58144,4,5,16,1,923.37,0
524,47,2,100338,13,9,40,1,48.65,1
525,33,0,90232,19,2,8,0,255.08,1
526,52,1,133701,64,1,34,0,534.25,2
527,62,0,117704,37,3,48,4,112.11,1
528,23,0,144577,75,1,9,0,826.02,2
529,57,1,139366,39,5,50,4,34.5,1
530,27,1,106944,63,1,28,4,36.39,1
531,61,1,92031,44,7,11,4,573.31,0
532,19,1,146165,38,9,45,3,819.92,2
533,36,2,113794,74,1,27,4,377.75,1
534,28,1,121073,44,3,16,4,482.35,1
535,46,2,61090,3,4,3,4,213.68,1
536,62,0,74474,49,2,18,4,933.65,0
537,48,0,57932,70,9,44,3,192.46,3
538,39,1,49970,53,5,24,2,728.58,0
539,27,1,73823,11,8,23,1,27.4,1
540,36,1,37595,88,8,49,2,600.48,3
541,33,0,103063,16,3,4,1,998.51,0
542,69,2,86860,70,1,1,0,812.25,0
543,68,0,40478,22,4,46,2,954.91,0
544,66,0,126893,3,1,32,0,199.17,1
545,23,0,123168,80,4,19,0,860.95,2
546,44,2,112137,37,7,18,2,769.16,2
547,60,2,108533,23,9,24,1,506.98,1
548,22,0,93861,42,6,6,3,73.13,1
549,39,1,30004,32,6,48,4,863.47,0
550,53,1,47499,85,2,45,4,338.69,3
551,50,1,43965,83,3,17,1,83.38,3
552,20,1,51199,100,5,5,0,889.83,3
553,69,1,51759,18,9,14,4,563.48,0
554,61,0,54256,78,3,3,3,886.44,0
555,66,2,53345,100,4,22,4,221.75,3
556,25,0,52403,53,1,14,2,73.34,3
557,45,1,95367,83,5,30,3,845.33,2
558,40,1,62536,84,4,28,4,149.07,3
559,33,1,121639,17,7,28,3,422.14,1
560,63,1,82296,61,4,43,3,390.89,3
561,61,2,137276,92,5,8,2,482.77,2
562,18,1,143235,46,10,31,2,143.75,1
563,23,1,143899,10,3,47,2,361.81,1
564,56,2,134923,18,3,31,1,515.16,1
565,68,2,106635,85,10,30,1,854.95,2
566,29,1,60262,56,4,27,0,452.32,3
567,22,2,92601,75,7,49,1,120.76,3
568,45,0,41917,58,8,5,3,870.38,0
569,29,0,59815,43,6,24,2,105.48,3
570,18,2,94701,69,8,48,0,760.34,2
571,36,0,31458,40,4,6,1,371.77,3
572,19,1,134193,95,7,44,1,97.65,1
573,40,0,143338,6,8,26,2,491.07,1
574,48,2,93084,30,7,5,0,480.55,1
575,49,1,55027,62,2,1,0,962.9,0
576,51,0,149256,96,1,31,1,266.83,1
577,32,0,46610,92,5,9,2,409.85,3
578,64,1,43175,59,10,35,1,363.86,3
579,21,0,71227,17,10,12,1,101.48,1
580,51,0,149744,99,1,12,2,215.92,1
581,46,1,129568,56,10,27,0,766.26,2
582,19,1,135968,50,4,49,1,174.43,1
583,33,1,38240,92,3,37,3,626.82,3
584,30,1,114808,23,9,6,0,74.08,1
585,51,0,37310,6,5,14,4,706.18,0
586,62,2,147903,79,5,22,1,203.15,1
587,20,2,61541,80,2,14,2,48.5,3
588,47,2,55753,69,5,40,3,772.89,0
589,29,2,80868,33,6,15,0,865.65,0
590,33,1,93599,22,4,37,4,274.96,1
591,53,1,108263,21,1,47,1,734.48,0
592,22,1,100730,4,5,10,4,459.58,1
593,62,0,148501,41,9,32,4,980.47,2
594,29,2,98150,42,9,34,4,324.11,1
595,28,2,61870,100,6,3,2,728.67,3
596,46,1,73370,2,4,29,3,486.5,0
597,50,1,132598,57,7,21,3,930.91,2
598,56,2,55695,58,7,30,1,435.76,3
599,41,2,69204,95,4,28,0,936.04,2
600,52,1,127010,76,8,26,4,13.46,1
601,53,0,137854,33,10,47,2,523.27,2
602,20,1,145924,64,5,18,1,495.49,1
603,33,0,53219,33,4,47,0,251.23,3
604,47,1,64592,25,4,12,3,237.34,1
605,18,0,144275,69,9,27,1,141.72,1
606,39,1,48641,45,3,46,3,415.19,3
607,30,1,102200,88,5,47,3,131.84,3
608,41,2,67215,34,3,30,3,460.25,0
609,53,2,96499,29,4,5,1,744.11,0
610,23,0,83912,28,6,31,3,98.32,1
611,42,0,63444,72,4,40,3,166.45,3
612,33,0,38271,39,10,43,1,99.52,3
613,60,2,53295,73,3,5,3,642.3,0
614,64,0,116106,5,1,5,0,25.86,1
615,69,1,141965,98,5,35,1,616.66,2
616,43,1,38012,55,3,24,2,943.37,0
617,29,2,83172,51,8,1,0,906.75,0
618,53,2,62024,13,2,39,4,66.6,1
619,29,2,88288,39,5,50,2,803.87,2
620,53,2,50215,92,6,48,4,814.52,2
621,20,1,122028,40,3,6,1,777.44,0
622,33,2,102269,26,8,47,4,356.67,1
623,30,0,97829,99,4,27,0,320.95,3
624,59,2,66196,37,9,44,0,483.66,2
625,41,1,36763,50,5,36,3,490.62,3
626,19,1,138008,8,9,15,2,116.8,1
627,27,0,96762,22,3,10,1,551.43,1
628,39,2,108744,63,2,23,4,411.86,1
629,65,1,84223,83,7,46,2,971.93,2
630,64,0,145746,76,2,48,3,49.06,1
631,47,0,108766,37,7,38,2,640.55,2
632,29,0,72125,41,5,31,4,507.62,0
633,43,0,97989,14,6,49,1,886.61,0
634,51,2,143678,50,8,23,1,916.04,2
635,23,0,122669,15,3,4,1,248.68,1
636,24,0,93266,20,1,4,0,636.29,0
637,52,2,85267,6,5,2,3,704.32,0
638,34,0,60489,95,3,38,3,304.86,3
639,68,1,57700,70,8,46,2,178.21,3
640,57,1,97035,28,6,42,3,741.41,2
641,59,2,141667,28,4,5,4,204.25,1
642,34,0,114408,38,7,28,1,647.35,2
643,64,0,92888,2,7,50,4,84.98,1
644,54,1,132403,83,3,2,4,45.2,1
645,67,2,115578,10,1,36,2,646.16,0
646,62,1,113856,78,6,50,1,720.47,2
647,24,2,122371,11,2,4,1,838.19,0
648,43,0,67979,49,2,6,2,420.03,0
649,27,1,147360,96,3,26,4,26.1,1
650,47,2,88268,32,8,27,2,686.5,0
651,27,0,113174,36,3,46,1,499.07,1
652,32,2,95862,34,6,41,1,65.15,1
653,41,1,140959,35,7,14,3,232.42,1
654,48,1,82356,97,1,35,4,204.55,3
655,45,2,47989,70,6,9,2,218.77,3
656,33,2,65142,45,10,42,0,132.6,3
657,27,1,81110,44,6,8,1,654.05,0
658,61,1,145578,79,2,34,0,762.06,2
659,35,2,116378,38,10,11,0,79.27,1
660,54,0,89035,14,4,11,4,138.81,1
661,69,0,34122,50,4,27,4,758.44,0
662,66,2,38652,40,10,7,3,566.59,0
663,30,0,76658,70,3,32,2,760.27,0
664,56,2,30492,47,5,6,2,725.26,0
665,37,1,105623,26,5,47,3,94.79,1
666,31,2,85972,62,9,25,4,914.63,2
667,29,0,135394,53,9,36,0,30.13,1
668,27,0,48576,29,7,29,4,976.83,0
669,52,1,87717,79,6,44,0,95.17,3
670,55,2,59108,36,6,31,3,900.16,0
671,34,1,54274,27,2,17,3,954.46,0
672,30,1,94803,76,6,33,3,596.98,2
673,47,0,40790,36,1,4,0,913.84,0
674,32,2,41072,14,5,39,1,981.04,0
675,64,0,67704,12,6,17,3,126.15,1
676,64,0,48169,39,5,33,2,451.86,0
677,51,0,146159,99,7,38,2,808.89,2
678,63,2,56374,60,4,45,3,943.5,0
679,46,0,112770,6,10,27,4,559.73,1
680,36,2,106345,98,7,49,0,55.21,3
681,49,2,115974,95,8,22,1,143.0,3
682,61,1,136973,27,7,2,1,269.2,1
683,27,0,89855,54,10,37,3,750.51,2
684,42,1,56378,8,9,18,0,880.45,0
685,37,1,104041,64,9,49,3,117.52,1
686,30,1,115674,78,2,48,0,621.73,2
687,59,1,65196,22,2,36,3,625.33,0
688,30,1,94970,15,4,11,4,250.07,1
689,69,2,45024,38,5,11,0,830.03,0
690,39,0,141586,50,4,46,0,659.67,2
691,53,2,84686,93,8,1,2,109.54,3
692,23,1,57558,28,6,23,1,800.78,0
693,28,0,142450,80,3,22,2,471.87,2
694,64,1,32144,76,2,28,4,902.66,0
695,45,1,53474,79,8,21,1,40.32,3
696,61,1,89720,4,9,8,2,795.49,0
697,36,0,114281,99,7,6,4,217.78,3
698,33,2,36577,28,4,1,1,612.54,0
699,55,2,53164,64,2,19,0,932.41,0
700,31,1,33604,8,5,2,1,984.15,0
701,31,1,148121,34,9,32,2,753.49,2
702,26,0,42499,92,9,50,1,37.57,3
703,26,0,56466,61,3,12,3,358.22,3
704,52,0,58805,14,2,47,4,104.35,1
705,42,1,49140,23,9,35,0,400.23,0
706,29,0,102972,68,3,39,0,258.09,1
707,47,0,128439,42,5,22,4,219.02,1
708,68,1,47482,100,9,49,0,170.56,3
709,44,0,118123,40,8,31,0,140.52,1
710,43,0,43545,67,5,41,1,179.71,3
711,43,2,51398,12,4,26,4,117.85,1
712,18,1,141318,37,6,28,3,428.33,1
713,19,0,76416,26,6,20,1,385.1,1
714,30,1,100115,54,2,36,4,789.67,2
715,43,2,67912,71,10,35,1,698.03,2
716,48,0,74273,23,10,46,4,626.27,2
717,47,1,136278,76,10,48,0,233.64,2
718,57,0,108833,77,3,37,3,623.78,2
719,21,0,119226,21,8,50,4,772.63,2
720,69,2,72651,58,5,30,1,103.11,3
721,27,1,114848,66,10,38,2,912.58,2
722,45,1,127989,99,1,42,3,683.99,2
723,20,1,48504,27,3,28,2,658.54,0
724,21,2,114762,28,3,7,4,397.54,1
725,48,0,108563,3,8,39,0,15.72,1
726,40,2,105994,39,9,17,3,347.21,1
727,18,2,84764,2,6,49,3,348.51,1
728,28,2,53503,39,5,30,2,591.64,0
729,50,1,86985,77,8,11,4,964.1,2
730,19,1,85349,77,8,29,3,381.04,3
731,53,0,52855,12,5,33,2,444.09,0
732,29,2,66264,85,2,8,1,743.3,3
733,49,1,56707,6,8,29,1,604.53,0
734,23,2,66886,7,6,40,1,322.64,1
735,38,2,115537,10,7,25,0,632.99,1
736,52,0,130875,76,10,14,0,979.39,2
737,28,1,104971,74,4,10,0,297.17,1
738,18,0,136320,52,5,42,1,891.19,2
739,61,1,113380,27,2,17,1,177.5,1
740,62,0,119083,18,4,28,1,317.78,1
741,50,0,50944,24,3,36,1,121.22,1
742,45,2,30738,38,7,5,3,144.0,3
743,64,1,132277,81,5,30,4,505.24,2
744,56,1,90816,20,10,35,1,808.16,2
745,30,0,64288,93,9,43,2,825.85,2
746,60,1,34657,99,10,3,1,983.3,3
747,26,1,44725,40,10,17,2,307.42,3
748,57,0,58696,69,4,29,2,570.87,3
749,22,1,73023,30,1,19,3,661.7,0
750,41,2,74985,68,8,21,1,123.96,3
751,63,1,37201,60,6,46,2,90.96,3
752,31,1,85928,10,2,40,3,34.1,1
753,28,2,129367,4,1,44,1,559.61,1
754,52,1,49342,77,7,29,2,622.86,3
755,61,1,59583,11,8,27,0,744.56,0
756,30,0,111050,61,10,32,1,213.88,1
757,19,0,129687,78,3,43,3,679.67,2
758,35,1,94896,36,6,4,3,102.23,1
759,64,2,130443,29,1,17,3,835.67,0
760,27,1,80545,63,6,46,4,575.98,2
761,47,1,112510,1,2,10,3,618.2,0
762,57,1,145190,42,9,8,4,971.83,2
763,63,1,115204,12,2,19,3,910.59,0
764,61,0,116123,96,2,27,4,844.95,2
765,40,2,108344,87,2,13,1,892.28,2
766,41,2,74198,84,1,50,0,60.51,3
767,45,2,62582,1,6,46,0,298.11,1
768,33,2,92798,80,3,44,2,367.85,3
769,19,1,85583,61,5,43,4,316.35,3
770,61,1,32692,18,8,28,2,709.33,0
771,55,2,53069,3,10,43,0,777.97,0
772,26,0,79842,78,9,5,0,557.41,3
773,51,0,70099,42,7,12,2,481.56,0
774,52,1,52167,19,5,50,3,961.55,0
775,24,1,51225,21,6,31,4,235.64,1
776,31,0,123947,25,2,39,2,355.67,1
777,19,2,45781,93,6,43,4,412.99,3
778,46,0,78023,83,7,28,4,270.15,3
779,56,2,43031,56,2,15,1,830.79,0
780,65,2,80686,2,8,30,4,491.8,0
781,53,1,147355,10,2,38,3,866.3,2
782,22,1,118840,32,9,9,1,819.14,2
783,39,2,71987,42,5,35,0,196.61,1
784,47,2,64229,74,5,22,2,438.95,3
785,45,0,88366,22,10,24,1,253.64,1
786,30,1,43192,61,1,27,4,614.39,0
787,57,2,56547,65,10,43,2,686.83,2
788,33,1,38558,71,8,22,3,223.73,3
789,25,0,52575,77,5,13,0,112.22,3
790,61,1,96409,66,1,32,4,674.93,2
791,59,0,97756,89,6,3,3,318.74,3
792,18,2,140475,38,8,7,4,442.42,1
793,63,0,123481,26,1,26,3,386.51,1
794,50,1,103921,58,2,3,1,687.32,0
795,33,0,45432,11,4,42,1,990.34,0
796,47,1,92114,17,7,8,3,997.15,0
797,47,1,86651,54,3,49,3,678.41,2
798,68,2,44597,3,1,36,4,743.73,0
799,25,1,107042,27,1,32,0,648.79,0
800,35,2,114874,40,3,15,4,333.55,1
801,61,2,69791,33,8,1,4,165.39,1
802,51,1,107033,96,3,42,2,992.17,2
803,64,1,127745,72,2,11,2,192.17,1
804,59,0,58656,47,6,6,2,246.07,3
805,51,0,97660,3,7,30,4,145.66,1
806,49,1,69864,92,10,25,2,522.78,3
807,24,1,68172,6,1,28,0,445.3,0
808,33,1,127302,43,1,40,2,785.52,2
809,46,2,91845,35,8,49,1,537.23,2
810,35,1,83547,27,7,40,1,570.08,0
811,27,0,78001,50,5,17,3,117.03,1
812,53,2,76842,73,6,35,3,701.61,2
813,19,1,68304,9,10,28,4,864.57,0
814,56,2,145028,2,10,32,3,849.56,2
815,53,0,58486,87,8,23,3,409.35,3
816,50,2,143612,71,9,28,2,372.69,2
817,37,0,115734,87,2,50,2,646.4,2
818,69,1,129445,32,3,6,3,42.19,1
819,46,2,58692,2,9,22,3,230.66,1
820,52,2,73723,69,10,19,4,321.92,3
821,41,2,37547,72,3,24,2,897.46,0
822,26,0,34901,31,7,9,2,667.8,0
823,69,1,85068,54,6,24,4,846.68,0
824,38,0,81244,57,5,3,3,301.59,3
825,30,0,121358,16,1,2,1,122.7,1
826,48,1,111795,41,9,17,2,116.19,1
827,62,2,88975,58,6,24,4,921.21,2
828,34,1,43316,72,7,13,1,274.88,3
829,37,1,112949,33,8,40,3,424.07,1
830,28,1,136418,17,5,17,3,765.53,1
831,43,0,76811,26,1,33,3,836.5,0
832,69,2,81964,22,1,3,3,839.2,0
833,43,0,85487,71,7,49,4,625.26,2
834,38,1,101111,98,8,35,0,738.01,2
835,41,0,68147,75,2,33,2,553.35,3
836,30,2,42089,29,3,3,3,536.52,0
837,69,0,106629,4,7,9,2,443.22,1
838,57,1,98928,80,3,33,1,934.98,2
839,43,1,90687,9,5,24,4,531.25,0
840,58,0,68764,96,6,31,2,723.66,2
841,40,1,125996,64,6,15,0,583.95,2
842,33,0,96916,23,6,12,4,373.49,1
843,50,2,149578,28,2,39,3,839.34,2
844,43,1,140638,62,10,18,3,78.52,1
845,45,0,57615,30,5,15,1,998.09,0
846,60,2,61376,97,8,9,1,793.84,3
847,22,1,134801,47,1,49,2,292.92,1
848,60,2,111784,31,1,14,0,122.12,1
849,56,0,86142,87,7,8,4,291.96,3
850,48,0,126398,19,1,18,0,311.08,1
851,51,2,59566,25,5,22,2,847.03,0
852,64,0,63123,88,1,16,2,330.95,3
853,22,2,120644,75,1,4,0,456.11,1
854,27,0,40595,84,6,15,2,268.76,3
855,18,1,30102,35,2,6,4,739.27,0
856,45,2,135627,67,2,46,2,524.16,2
857,19,0,90561,75,10,23,3,866.23,2
858,67,1,115470,56,4,6,0,151.74,1
859,22,1,62752,2,10,22,1,469.36,0
860,22,1,46866,3,7,46,1,737.44,0
861,21,2,145884,3,4,25,3,676.93,1
862,20,1,79899,64,7,46,0,129.9,3
863,42,2,77292,73,10,43,2,787.66,2
864,41,1,92371,28,10,48,1,594.96,2
865,57,2,106632,26,1,17,2,610.98,0
866,22,1,48068,57,2,24,1,683.02,0
867,68,2,35122,72,6,33,4,983.84,0
868,51,2,83467,83,1,19,0,30.88,3
869,49,0,61376,47,5,16,3,241.25,3
870,57,2,112212,6,6,44,3,312.64,1
871,57,0,128481,86,10,40,3,727.15,2
872,63,1,33546,18,9,31,4,191.8,3
873,42,0,127546,54,1,31,0,484.72,1
874,35,1,121037,70,1,28,2,304.08,1
875,25,0,76606,99,10,32,3,472.4,3
876,60,2,120195,68,9,26,4,600.21,2
877,51,0,127950,27,3,45,3,412.76,1
878,45,0,51646,61,5,41,3,246.41,3
879,51,1,80995,68,1,18,4,863.54,0
880,59,2,97355,63,2,22,2,329.18,1
881,47,0,133264,93,2,21,2,11.01,1
882,61,1,49557,22,6,12,0,678.13,0
883,62,2,97909,100,1,5,3,439.63,3
884,50,0,59695,70,5,6,0,241.99,3
885,58,2,149723,70,9,23,1,374.59,2
886,26,2,113532,70,7,28,4,679.69,2
887,60,1,98882,38,2,28,2,940.14,0
888,29,1,149973,2,2,19,2,437.1,1
889,33,2,146269,92,6,10,4,486.86,2
890,60,2,73059,77,3,31,0,581.15,3
891,22,2,87909,19,7,39,4,20.52,1
892,66,2,40932,5,1,48,4,546.06,0
893,24,0,60763,92,5,29,3,320.7,3
894,63,2,119492,25,8,40,4,758.1,2
895,27,1,128640,3,5,2,3,140.52,1
896,53,1,137307,34,1,26,4,952.12,2
897,32,1,81701,96,9,49,1,77.45,3
898,64,2,82140,57,3,7,3,97.97,1
899,48,1,134463,32,2,7,1,535.1,1
900,52,0,41544,1,10,46,3,720.52,0
901,57,0,135440,46,8,3,3,442.46,1
902,55,0,72193,39,2,6,3,207.44,1
903,33,2,106771,23,7,3,4,609.8,1
904,64,0,122557,87,2,5,2,344.59,1
905,64,1,139658,77,6,26,4,71.97,1
906,25,1,130604,100,4,41,1,355.45,2
907,62,2,113706,19,1,13,3,427.68,1
908,59,2,141567,27,8,30,4,95.96,1
909,27,0,89618,49,8,12,2,831.05,0
910,55,2,45562,68,3,30,2,628.34,0
911,66,0,55154,93,3,19,1,684.88,3
912,54,1,69676,9,7,30,0,932.68,0
913,38,1,45551,100,10,22,1,99.63,3
914,55,1,109314,72,10,47,1,438.97,2
915,18,2,69502,83,6,32,4,236.83,3
916,26,1,131020,23,7,22,2,844.88,2
917,49,2,30523,83,4,38,1,564.48,3
918,36,0,45458,74,6,19,2,135.23,3
919,28,2,57107,82,5,2,3,271.17,3
920,60,2,44555,84,7,28,1,678.42,3
921,66,1,122436,73,7,47,3,666.62,2
922,58,1,105157,51,3,27,0,344.39,1
923,68,1,107702,73,4,2,4,136.03,1
924,20,1,88778,56,2,28,2,240.93,1
925,53,2,32539,22,6,42,3,536.06,0
926,39,0,53091,41,9,3,2,12.45,3
927,46,2,46368,11,7,17,3,869.05,0
928,28,1,134592,43,10,25,0,557.04,2
929,35,1,48768,43,2,5,1,746.74,0
930,42,2,128064,8,8,44,2,316.5,1
931,59,1,48329,6,8,26,3,36.76,1
932,31,2,30969,32,9,11,4,562.47,0
933,18,1,117893,84,3,24,1,413.27,1
934,47,1,138152,53,2,38,2,129.08,1
935,48,2,129592,2,3,26,0,748.46,0
936,51,1,148784,17,1,50,3,302.81,1
937,43,0,42201,76,1,50,3,106.48,3
938,64,2,65498,23,5,24,0,351.94,0
939,37,1,70213,84,3,37,3,785.53,2
940,56,0,51736,3,9,25,3,666.01,0
941,54,1,33706,64,9,1,0,371.93,3
942,36,1,33087,69,7,21,4,651.8,3
943,54,0,140081,100,1,25,1,30.51,1
944,47,2,37014,76,5,34,1,880.18,0
945,65,1,42779,81,5,38,0,594.92,3
946,59,1,149936,80,7,37,2,406.6,2
947,60,2,111493,40,10,8,2,190.34,1
948,21,2,117520,34,3,32,4,256.98,1
949,62,2,128667,37,5,17,4,150.62,1
950,45,2,114390,38,3,9,2,663.25,0
951,41,2,134487,7,10,50,1,556.1,2
952,29,0,45164,54,8,45,2,915.62,0
953,51,1,104830,43,9,36,4,593.92,2
954,44,1,123822,20,4,8,1,209.75,1
955,30,1,50661,89,9,22,4,630.37,3
956,60,2,48802,68,1,40,2,296.76,3
957,60,0,56429,69,9,32,2,894.95,2
958,26,0,41126,37,9,44,0,100.64,3
959,38,0,99054,59,6,4,2,174.22,1
960,61,0,50349,76,9,42,0,957.5,2
961,23,0,60808,96,2,12,3,231.03,3
962,60,1,98537,71,9,45,2,725.67,2
963,66,0,72885,1,9,33,2,654.48,0
964,26,2,109221,91,2,44,4,660.05,2
965,49,2,94218,4,10,5,1,287.36,1
966,58,2,133888,92,10,14,3,628.3,2
967,46,0,67361,80,6,25,4,350.08,3
968,23,0,74773,16,2,42,2,626.05,0
969,61,2,38209,79,8,40,4,724.23,3
970,68,0,40471,28,3,33,2,40.89,3
971,58,0,51913,14,4,21,3,733.63,0
972,41,1,120294,79,5,44,0,942.03,2
973,43,1,130645,34,10,5,2,833.69,2
974,48,2,75118,84,6,41,1,711.37,2
975,49,0,79546,26,5,12,3,935.73,0
976,30,1,54930,12,9,13,1,724.88,0
977,37,1,100314,71,5,19,2,692.74,2
978,45,0,91381,48,8,16,4,253.13,1
979,66,0,74055,100,6,17,4,318.7,3
980,45,0,135047,11,9,42,0,422.93,1
981,30,1,117373,32,1,49,3,129.35,1
982,59,2,87884,79,9,28,2,491.55,2
983,68,0,117203,76,7,38,1,363.94,2
984,51,2,91682,27,9,49,1,990.87,2
985,35,2,82057,66,4,9,4,683.93,0
986,66,2,78149,2,10,9,3,579.27,0
987,22,1,80049,1,10,47,4,16.97,1
988,26,1,148451,78,5,14,2,99.19,1
989,26,1,45147,93,1,32,3,750.58,3
990,31,2,45695,36,2,31,1,864.67,0
991,21,2,80264,41,4,26,4,458.93,1
992,53,2,83578,97,5,50,4,917.08,2
993,22,0,125479,57,8,27,3,139.75,1
994,29,0,64799,42,5,19,1,967.26,0
995,60,1,71923,25,2,40,0,986.97,0
996,57,1,112170,57,6,1,0,313.64,1
997,23,2,65337,76,10,23,2,632.83,3
998,23,1,113097,40,5,42,4,75.09,1
999,22,0,113695,63,7,44,1,505.16,2
1000,36,0,90420,7,2,31,2,669.26,0
